シェルター,heroshelter_replica,ヒーローシェルター レプリカ
シェルター,spygadget_becchu,スパイガジェットベッチュー
シェルター,parashelter_sorella,パラシェルターソレーラ
シェルター,parashelter,パラシェルター
シェルター,campingshelter,キャンピングシェルター
シェルター,campingshelter_camo,キャンピングシェルターカーモ
シェルター,campingshelter_sorella,キャンピングシェルターソレーラ
シェルター,spygadget,スパイガジェット
シェルター,spygadget_sorella,スパイガジェットソレーラ
シューター,promodeler_mg,プロモデラーMG
シューター,promodeler_pg,プロモデラーPG
シューター,promodeler_rg,プロモデラーRG
シューター,momiji,もみじシューター
シューター,heroshooter_replica,ヒーローシューター レプリカ
シューター,sshooter_becchu,スプラシューターベッチュー
シューター,ochiba,おちばシューター
シューター,sharp_neo,シャープマーカーネオ
シューター,bold_neo,ボールドマーカーネオ
シューター,nzap83,N-ZAP83
シューター,nzap85,N-ZAP85
シューター,nzap89,N-ZAP89
シューター,octoshooter_replica,オクタシューター レプリカ
シューター,sharp,シャープマーカー
シューター,sshooter,スプラシューター
シューター,wakaba,わかばシューター
シューター,bold,ボールドマーカー
シューター,bold_7,ボールドマーカー7
シューター,sshooter_collabo,スプラシューターコラボ
シューター2,52gal,.52ガロン
シューター2,52gal_deco,.52ガロンデコ
シューター2,96gal,.96ガロン
シューター2,96gal_deco,.96ガロンデコ
シューター2,jetsweeper_custom,ジェットスイーパーカスタム
シューター2,bottlegeyser_foil,ボトルガイザーフォイル
シューター2,prime_collabo,プライムシューターコラボ
シューター2,jetsweeper,ジェットスイーパー
シューター2,52gal_becchu,.52ガロンベッチュー
シューター2,prime_becchu,プライムシューターベッチュー
シューター2,prime,プライムシューター
シューター2,bottlegeyser,ボトルガイザー
シューター2,h3reelgun_cherry,H3リールガンチェリー
シューター2,h3reelgun,H3リールガン
シューター2,h3reelgun_d,H3リールガンD
シューター2,l3reelgun_becchu,L3リールガンベッチュー
シューター2,l3reelgun,L3リールガン
シューター2,l3reelgun_d,L3リールガンD
スピナー,kugelschreiber,クーゲルシュライバー
スピナー,kugelschreiber_hue,クーゲルシュライバー・ヒュー
スピナー,hydra_custom,ハイドラントカスタム
スピナー,barrelspinner,バレルスピナー
スピナー,barrelspinner_deco,バレルスピナーデコ
スピナー,barrelspinner_remix,バレルスピナーリミックス
スピナー,herospinner_replica,ヒーロースピナー レプリカ
スピナー,hydra,ハイドラント
スピナー,splatspinner_becchu,スプラスピナーベッチュー
スピナー,splatspinner,スプラスピナー
スピナー,nautilus47,ノーチラス47
スピナー,nautilus79,ノーチラス79
スピナー,splatspinner_collabo,スプラスピナーコラボ
スロッシャー,furo,オーバーフロッシャー
スロッシャー,furo_deco,オーバーフロッシャーデコ
スロッシャー,explosher_custom,エクスプロッシャーカスタム
スロッシャー,explosher,エクスプロッシャー
スロッシャー,heroslosher_replica,ヒーロースロッシャー レプリカ
スロッシャー,screwslosher_becchu,スクリュースロッシャーベッチュー
スロッシャー,bucketslosher,バケットスロッシャー
スロッシャー,bucketslosher_deco,バケットスロッシャーデコ
スロッシャー,screwslosher,スクリュースロッシャー
スロッシャー,screwslosher_neo,スクリュースロッシャーネオ
スロッシャー,bucketslosher_soda,バケットスロッシャーソーダ
スロッシャー,hissen,ヒッセン
スロッシャー,hissen_hue,ヒッセン・ヒュー
チャージャー,bamboo14mk1,14式竹筒銃・甲
チャージャー,bamboo14mk2,14式竹筒銃・乙
チャージャー,bamboo14mk3,14式竹筒銃・丙
チャージャー,squiclean_a,スクイックリンα
チャージャー,liter4k_custom,リッター4Kカスタム
チャージャー,liter4k_scope_custom,4Kスコープカスタム
チャージャー,soytuber_custom,ソイチューバーカスタム
チャージャー,liter4k,リッター4K
チャージャー,liter4k_scope,4Kスコープ
チャージャー,splatcharger_collabo,スプラチャージャーコラボ
チャージャー,splatscope_collabo,スプラスコープコラボ
チャージャー,squiclean_g,スクイックリンγ
チャージャー,soytuber,ソイチューバー
チャージャー,herocharger_replica,ヒーローチャージャー レプリカ
チャージャー,splatcharger_becchu,スプラチャージャーベッチュー
チャージャー,splatscope_becchu,スプラスコープベッチュー
チャージャー,squiclean_b,スクイックリンβ
チャージャー,splatcharger,スプラチャージャー
チャージャー,splatscope,スプラスコープ
フデ,herobrush_replica,ヒーローブラシ レプリカ
フデ,pablo,パブロ
フデ,pablo_hue,パブロ・ヒュー
フデ,hokusai_becchu,ホクサイベッチュー
フデ,hokusai,ホクサイ
フデ,hokusai_hue,ホクサイ・ヒュー
フデ,pablo_permanent,パーマネント・パブロ
ブラスター,hotblaster,ホットブラスター
ブラスター,clashblaster,クラッシュブラスター
ブラスター,clashblaster_neo,クラッシュブラスターネオ
ブラスター,hotblaster_custom,ホットブラスターカスタム
ブラスター,longblaster_custom,ロングブラスターカスタム
ブラスター,longblaster_necro,ロングブラスターネクロ
ブラスター,heroblaster_replica,ヒーローブラスター レプリカ
ブラスター,nova_becchu,ノヴァブラスターベッチュー
ブラスター,rapid_becchu,ラピッドブラスターベッチュー
ブラスター,nova,ノヴァブラスター
ブラスター,nova_neo,ノヴァブラスターネオ
ブラスター,longblaster,ロングブラスター
ブラスター,rapid,ラピッドブラスター
ブラスター,rapid_deco,ラピッドブラスターデコ
ブラスター,rapid_elite,Rブラスターエリート
ブラスター,rapid_elite_deco,Rブラスターエリートデコ
マニューバー,sputtery_clear,スパッタリークリア
マニューバー,dualsweeper_custom,デュアルスイーパーカスタム
マニューバー,sputtery,スパッタリー
マニューバー,sputtery_hue,スパッタリー・ヒュー
マニューバー,quadhopper_black,クアッドホッパーブラック
マニューバー,dualsweeper,デュアルスイーパー
マニューバー,maneuver_collabo,スプラマニューバーコラボ
マニューバー,kelvin525,ケルビン525
マニューバー,kelvin525_deco,ケルビン525デコ
マニューバー,heromaneuver_replica,ヒーローマニューバー レプリカ
マニューバー,kelvin525_becchu,ケルビン525ベッチュー
マニューバー,maneuver_becchu,スプラマニューバーベッチュー
マニューバー,quadhopper_white,クアッドホッパーホワイト
マニューバー,maneuver,スプラマニューバー
ローラー,carbon,カーボンローラー
ローラー,carbon_deco,カーボンローラーデコ
ローラー,dynamo,ダイナモローラー
ローラー,variableroller,ヴァリアブルローラー
ローラー,variableroller_foil,ヴァリアブルローラーフォイル
ローラー,dynamo_tesla,ダイナモローラーテスラ
ローラー,heroroller_replica,ヒーローローラー レプリカ
ローラー,dynamo_becchu,ダイナモローラーベッチュー
ローラー,splatroller_becchu,スプラローラーベッチュー
ローラー,splatroller_collabo,スプラローラーコラボ
ローラー,splatroller,スプラローラー
